id,name,email,company,job_title,industry,company_size,persona,priority,status,priority_score,personalized_email
1,John Miller,john.miller@acmesaas.com,AcmeSaaS,CEO,SaaS,45,Founder,High,Interested,8,"Hi John,

I came across AcmeSaaS and was impressed with the innovative solutions you're bringing to the SaaS space. As a fellow SaaS professional, I'd love to discuss potential opportunities for collaboration. Are you open to exploring new ways to drive growth and efficiency in your business? I'd appreciate the chance to schedule a call to discuss further. 

Let me know if you're available this week or next."
2,Sarah Ahmed,sarah@finpay.io,FinPay,Head of Marketing,FinTech,120,Marketing Manager,Medium,Interested,7,"Hi Sarah,

I came across FinPay and noticed your focus on innovative payment solutions. As a marketing professional in the FinTech space, I thought you might be interested in exploring ways to optimize your customer acquisition strategy. I'd love to discuss how our team can help support your goals. Are you open to a brief call to explore further? 

Best regards are not needed I will add nothing. 
Let me re-write 
Hi Sarah,

I came across FinPay and noticed your focus on innovative payment solutions. As a marketing professional in the FinTech space, I thought you might be interested in exploring ways to optimize your customer acquisition strategy. I'd love to discuss how our team can help support your goals. Are you open to a brief call to explore further?"
3,Michael Chen,michael.chen@cloudspark.ai,CloudSpark,Founder,AI,18,Founder,Medium,No Response,7,"Hi Michael,

I came across CloudSpark and was impressed with the innovative AI solutions you're developing. As a fellow professional in the AI space, I'd love to learn more about your current priorities and challenges. Are you open to a brief call to discuss how we can support your business goals? I'm looking forward to hearing from you.

Best regards are not needed I will omit it as per your request, here is the updated response 

Hi Michael,

I came across CloudSpark and was impressed with the innovative AI solutions you're developing. As a fellow professional in the AI space, I'd love to learn more about your current priorities and challenges. Are you open to a brief call to discuss how we can support your business goals? I'm looking forward to hearing from you"
4,Emily Brown,emily@retailcore.com,RetailCore,Sales Lead,Retail,300,Sales Manager,High,No Response,8,"Hi Emily,

I came across RetailCore and noticed you're likely managing a complex sales process across multiple channels. I'd love to learn more about your current approach and see if we can help streamline your operations. Are you open to a brief call to discuss?

Best regards are not needed for now, let's just start with the conversation."
5,David Wilson,david@healthsync.io,HealthSync,Product Manager,HealthTech,85,Product Owner,High,Interested,9,"Hi David,

I came across HealthSync and was impressed with the work you're doing in HealthTech. As a product owner, I'm sure you're always looking for ways to improve your product's offerings. I'd love to discuss how our solutions can help enhance your current product lineup. Would you be open to a quick call to explore potential synergies?

Best regards are not needed, I look forward to hearing from you."
6,Priya Patel,priya.patel@edunova.io,EduNova,Co-Founder,EdTech,22,Founder,High,No Response,8,"Hi Priya,

I came across EduNova and was impressed with the innovative work you're doing in the EdTech space. As a fellow educator at heart, I'm interested in exploring potential synergies between our companies. I'd love to discuss how we can support your mission to enhance learning experiences. Are you open to a brief call to explore further? 

Best regards are not needed, let's just connect."
7,Alex Turner,alex@logixsoft.com,LogixSoft,VP Engineering,SaaS,210,CTO,High,No Response,10,"Hi Alex,

I came across LogixSoft and was impressed with the innovative solutions you're bringing to the SaaS space. As a CTO, I'm sure you're always looking for ways to optimize your technical stack. I'd love to discuss how our team can help you streamline your operations and improve efficiency. Are you open to a brief call to explore potential synergies?

Best regards are not needed, let's connect."
8,Maria Lopez,maria@travelnest.io,TravelNest,Senior Executive,Travel,160,Founder,High,No Response,9,"Hi Maria,

I came across TravelNest and was impressed with the work you're doing to support the travel industry. As a fellow travel professional, I'd love to discuss potential opportunities for collaboration. Our services have helped similar businesses streamline their operations and improve efficiency. Would you be open to a brief call to explore further?

Best regards are not needed, looking forward to hearing from you."
9,Robert Zhang,robert.zhang@finwise.io,FinWise,CTO,FinTech,65,CTO,High,Interested,9,"Hi Robert,

I came across FinWise and was impressed with the innovative solutions you're bringing to the FinTech space. As a CTO, I'm sure you're always looking for ways to optimize your technical infrastructure. I'd love to discuss how our team can help FinWise streamline operations and improve efficiency. Are you open to a brief call to explore potential synergies? 

Best regards are not needed, looking forward to hearing from you."
10,Laura Green,laura@marketflow.io,MarketFlow,Sales Lead,MarTech,95,Sales Manager,Medium,No Response,5,"Hi Laura,

I came across MarketFlow and noticed you're leading the sales team. I'd love to discuss how our solutions can help streamline your sales process and improve team performance. We've worked with similar MarTech companies to achieve significant results. Would you be open to a quick call to explore further? 

Best regards are not needed, looking forward to hearing from you."
11,Ahmed Hassan,ahmed@shipfast.io,ShipFast,Founder,Logistics,28,Founder,Medium,Interested,5,"Hi Ahmed,

I came across ShipFast and was impressed with the work you're doing to streamline logistics. As a fellow industry professional, I'd love to discuss potential opportunities for collaboration. Are you open to exploring ways to optimize your operations? I'd appreciate the chance to learn more about your current challenges and goals. 

Let's schedule a call to discuss further."
12,Nina Kapoor,nina.kapoor@hrcloud.io,HRCloud,HR Manager,HR Tech,130,Operations Manager,Low,Not Interested,4,
13,James Walker,james@buildpro.io,BuildPro,Lead Architect,Construction,420,CTO,Medium,Interested,7,"Hi James,

I came across BuildPro and noticed your company's focus on innovative construction solutions. As a CTO, I'm sure you're always looking for ways to improve efficiency and reduce costs. I'd love to discuss how our software can help streamline your operations. Are you open to a quick call to explore further? 

Best regards are not needed I was asked not to add them so here is the corrected response:
Hi James,

I came across BuildPro and noticed your company's focus on innovative construction solutions. As a CTO, I'm sure you're always looking for ways to improve efficiency and reduce costs. I'd love to discuss how our software can help streamline your operations. Are you open to a quick call to explore further?"
14,Olivia King,olivia@insurex.ai,InsureX,Product Owner,InsurTech,75,Product Owner,Medium,No Response,6,"Hi Olivia,

I came across InsureX and was impressed with the innovative solutions you're bringing to the InsurTech space. As a Product Owner, I'm sure you're always looking for ways to optimize and refine your offerings. I'd love to discuss potential opportunities for collaboration and how we can support your product roadmap. Are you open to a brief call to explore further? 

Best regards are not needed I will add nothing."
15,Daniel Park,daniel.park@companymail.io,EcomBoost,Growth Manager,E-commerce,52,Marketing Manager,Low,Not Interested,4,
16,Fatima Noor,fatima@medidata.ai,MediData,Product Manager,Healthcare AI,60,Product Owner,High,Interested,9,"Hi Fatima,

I came across MediData and was impressed with the work you're doing in healthcare AI. As a product owner, I'm sure you're always looking for ways to improve your product's performance. I'd love to discuss how our data solutions can help you drive more informed decision-making. Are you open to a quick call to explore further? 

Best regards are not needed, let's focus on the message. Here is the rewritten message without ""Best regards"":

Hi Fatima,

I came across MediData and was impressed with the work you're doing in healthcare AI. As a product owner, I'm sure you're always looking for ways to improve your product's performance. I'd love to discuss how our data solutions can help you drive more informed decision-making. Are you open to a quick call to explore further?"
17,Chris Nolan,chris@cyberwall.io,CyberWall,Security Architect,Cybersecurity,145,Security Lead,Medium,No Response,6,"Hi Chris,

I came across CyberWall and was impressed with the work you're doing in cybersecurity. As someone responsible for ensuring the security of your systems, I thought you might be interested in exploring ways to enhance your current setup. I'd love to discuss some potential opportunities for improvement. Are you available for a quick call this week?

Best regards are not needed, looking forward to hearing from you."
18,Ananya Roy,ananya.roy@greenhub.io,GreenHub,Strategy Manager,Renewable Energy,230,Strategy Manager,Medium,No Response,5,"Hi Ananya,

I came across GreenHub and was impressed with your work in promoting sustainable energy solutions. As a Strategy Manager, I'm sure you're always looking for ways to optimize your operations. I'd love to discuss how our team can help you streamline your business processes. Are you open to a brief call to explore potential synergies?

Best regards are not needed I will make sure to follow the rules and remove it. Here is the final response 

Hi Ananya,

I came across GreenHub and was impressed with your work in promoting sustainable energy solutions. As a Strategy Manager, I'm sure you're always looking for ways to optimize your operations. I'd love to discuss how our team can help you streamline your business processes. Are you open to a brief call to explore potential synergies"
19,Mark Peterson,mark@proptechly.io,PropTechly,CEO,PropTech,34,Founder,Medium,No Response,5,"Hi Mark,

I came across PropTechly and was impressed with the innovative work you're doing in the PropTech space. As a fellow industry professional, I'd love to discuss potential opportunities for collaboration. Our company has helped similar businesses streamline their operations and improve efficiency. Would you be open to a brief call to explore how we can support PropTechly's growth? 

Looking forward to hearing from you."
20,Sofia Romano,sofia@foodchain.ai,FoodChain AI,CEO,FoodTech,105,Founder,Medium,Interested,6,"Hi Sofia,

I came across FoodChain AI and was impressed with the innovative work you're doing in the FoodTech space. As a fellow professional in the industry, I'd love to discuss potential opportunities for collaboration. Our expertise has helped similar companies streamline their operations and improve efficiency. Would you be open to a brief call to explore how we can support your goals?

Best regards are not needed, let's keep it simple."
21,Daniel Roberts,daniel@cyberguard.io,CyberGuard,CTO,Cybersecurity,140,CTO,High,Interested,9,"Hi Daniel,

I came across CyberGuard and was impressed with the work you're doing in cybersecurity. As a CTO, I'm sure you're always looking for ways to stay ahead of emerging threats. I'd love to discuss some strategies for enhancing your team's incident response capabilities. Have you considered exploring new approaches to threat detection and mitigation?

Best regards are not needed, let's keep it to the point, here is the updated response:

Hi Daniel,

I came across CyberGuard and was impressed with the work you're doing in cybersecurity. As a CTO, I'm sure you're always looking for ways to stay ahead of emerging threats. I'd love to discuss some strategies for enhancing your team's incident response capabilities. Have you considered exploring new approaches to threat detection and mitigation?"
22,Aisha Khan,aisha@learnhub.ai,LearnHub,Founder,EdTech,35,Founder,High,Interested,8,"Hi Aisha,

I came across LearnHub while researching innovative EdTech companies. I'm impressed by your mission to make learning more accessible. I'd love to discuss potential opportunities for collaboration. Our expertise could help enhance your platform's offerings. Would you be open to a brief call to explore further?"
23,Mark Stevens,mark.stevens@buildright.com,BuildRight,Operations Manager,Construction,90,Operations Manager,Low,Not Interested,4,
24,Sophia Lee,sophia@quickship.io,QuickShip,Product Manager,Logistics,60,Product Owner,Medium,Interested,6,"Hi Sophia,

I came across QuickShip and noticed you're focused on streamlining logistics operations. As a Product Owner, I'm sure you're always looking for ways to optimize your shipping processes. I'd love to discuss how our solutions can help reduce transit times and improve delivery efficiency. Are you open to a quick call to explore further? 

Best regards are not needed, I will make sure to follow the rules from now on: 
I will simply write: 
Hi Sophia,

I came across QuickShip and noticed you're focused on streamlining logistics operations. As a Product Owner, I'm sure you're always looking for ways to optimize your shipping processes. I'd love to discuss how our solutions can help reduce transit times and improve delivery efficiency. Are you open to a quick call to explore further?"
25,Tom Becker,tom@shopnext.com,ShopNext,Head of Growth,Ecommerce,180,Marketing Manager,Medium,Interested,7,"Hi Tom,

I came across ShopNext and noticed you're focused on driving ecommerce growth. As a Marketing Manager, I'm sure you're always looking for new ways to optimize your online store. I'd love to discuss how we can help you improve customer engagement and conversion rates. Are you open to a quick call to explore some ideas?

Best regards are not needed just the body of the email. Here is the rewritten response:

Hi Tom,

I came across ShopNext and noticed you're focused on driving ecommerce growth. As a Marketing Manager, I'm sure you're always looking for new ways to optimize your online store. I'd love to discuss how we can help you improve customer engagement and conversion rates. Are you open to a quick call to explore some ideas?"
